{"cameraMode":{"drawMode":0,"name":"Shaded","section":"Shading Mode"},"sceneLighting":false,"audioPlay":false,"sceneViewState":{"m_AlwaysRefresh":false,"showFog":true,"showSkybox":true,"showFlares":true,"showImageEffects":true,"showParticleSystems":true,"showVisualEffectGraphs":true,"m_FxEnabled":true},"in2DMode":false,"pivot":{"x":-1.132374882698059,"y":-22.10588836669922,"z":-64.12474060058594},"rotation":{"x":0.022807558998465539,"y":-0.003003388876095414,"z":0.0000719543531886302,"w":0.9997408390045166},"size":32.18764877319336,"orthographic":false}